City,Temperature,Condition
Accra,गुरु 06.40,
Addis Ababa,गुरु 09.40,
Adelaide,गुरु 16.10,
Algiers,गुरु 07.40,
Almaty,गुरु 11.40,
Amman,गुरु 09.40,
Amsterdam *,गुरु 08.40,
Anadyr,गुरु 18.40,
Anchorage *,बुध 22.40,
Ankara,गुरु 09.40,
Antananarivo,गुरु 09.40,
Asuncion,गुरु 03.40,
Athens *,गुरु 09.40,
Atlanta *,गुरु 02.40,
Auckland,गुरु 18.40,
Bangkok,गुरु 13.40,
Barcelona *,गुरु 08.40,
Beijing,गुरु 14.40,
Beirut *,गुरु 09.40,
Belgrade *,गुरु 08.40,
Bengaluru,गुरु 12.10,
Berlin *,गुरु 08.40,
Bogota,गुरु 01.40,
Boston *,गुरु 02.40,
Brasilia,गुरु 03.40,
Brisbane,गुरु 16.40,
Brussels *,गुरु 08.40,
Bucharest *,गुरु 09.40,
Budapest *,गुरु 08.40,
Buenos Aires,गुरु 03.40,
Cairo *,गुरु 09.40,
Calgary *,गुरु 00.40,
Canberra,गुरु 16.40,
Cape Town,गुरु 08.40,
Caracas,गुरु 02.40,
Casablanca *,गुरु 07.40,
Chicago *,गुरु 01.40,
Copenhagen *,गुरु 08.40,
Dallas *,गुरु 01.40,
Dar es Salaam,गुरु 09.40,
Darwin,गुरु 16.10,
Denver *,गुरु 00.40,
Detroit *,गुरु 02.40,
Dhaka,गुरु 12.40,
Doha,गुरु 09.40,
Dubai,गुरु 10.40,
Dublin *,गुरु 07.40,
Edmonton *,गुरु 00.40,
Frankfurt *,गुरु 08.40,
Guatemala City,गुरु 00.40,
Halifax *,गुरु 03.40,
Hanoi,गुरु 13.40,
Harare,गुरु 08.40,
Havana *,गुरु 02.40,
Helsinki *,गुरु 09.40,
Hong Kong,गुरु 14.40,
Honolulu,बुध 20.40,
Houston *,गुरु 01.40,
Indianapolis *,गुरु 02.40,
Islamabad,गुरु 11.40,
Istanbul,गुरु 09.40,
Jakarta,गुरु 13.40,
Jerusalem *,गुरु 09.40,
Johannesburg,गुरु 08.40,
Karachi,गुरु 11.40,
Kathmandu,गुरु 12.25,
Kingston,गुरु 01.40,
Kinshasa,गुरु 07.40,
Kolkata,गुरु 12.10,
